{"cameraMode":{"drawMode":0,"name":"Shaded","section":"Shading Mode"},"sceneLighting":true,"audioPlay":false,"sceneViewState":{"m_AlwaysRefresh":false,"showFog":true,"showSkybox":true,"showFlares":true,"showImageEffects":true,"showParticleSystems":true,"showVisualEffectGraphs":true,"m_FxEnabled":true},"in2DMode":false,"pivot":{"x":-38.925960540771487,"y":-0.03717914968729019,"z":5.429611682891846},"rotation":{"x":0.3242546021938324,"y":-0.025427058339118959,"z":0.008258456364274025,"w":0.9457035064697266},"size":12.12435531616211,"orthographic":false}