{"cameraMode":{"drawMode":0,"name":"Shaded","section":"Shading Mode"},"sceneLighting":false,"audioPlay":false,"sceneViewState":{"m_AlwaysRefresh":false,"showFog":true,"showSkybox":false,"showFlares":true,"showImageEffects":true,"showParticleSystems":true,"showVisualEffectGraphs":true,"m_FxEnabled":true},"in2DMode":false,"pivot":{"x":12.800000190734864,"y":3.6999998092651369,"z":23.829999923706056},"rotation":{"x":0.34270045161247256,"y":0.2339581400156021,"z":-0.08864562213420868,"w":0.9055726528167725},"size":1.2247447967529297,"orthographic":false}